Rand Portfolio (1),Rand Portfolio (2),Rand Portfolio (3),Rand Portfolio (4),Rand Portfolio (5),Rand Portfolio (6),Rand Portfolio (7),Rand Portfolio (8),Rand Portfolio (9),Rand Portfolio (10),Rand Portfolio (11),Rand Portfolio (12),Rand Portfolio (13),Rand Portfolio (14),Rand Portfolio (15),Rand Portfolio (16),Rand Portfolio (17),Rand Portfolio (18),Rand Portfolio (19),Rand Portfolio (20),Rand Portfolio (21),Rand Portfolio (22),Rand Portfolio (23),Rand Portfolio (24),Rand Portfolio (25),Rand Portfolio (26),Rand Portfolio (27),Rand Portfolio (28),Rand Portfolio (29),Rand Portfolio (30),Rand Portfolio (31),Rand Portfolio (32),Rand Portfolio (33),Rand Portfolio (34),Rand Portfolio (35),Rand Portfolio (36),Rand Portfolio (37),Rand Portfolio (38),Rand Portfolio (39),Rand Portfolio (40)
BJU.L,GPRT.L,LEG.L,HMLH.L,BOR.L,SDI.L,FDBK.L,OPHR.L,TGBD.L,AFHP.L,SQN.L,MLC.L,EBQ.L,CSN.L,PMR.L,RAT.L,EXO.L,RPS.L,SEA.L,CF.L,MCAU.L,CRU.L,SNT.L,MASA.L,AERO.L,IVO.L,WTE.L,GFS.L,INF.L,VTC.L,HVTA.L,SSPG.L,INM.L,SLNG.L,FITB.L,COS.L,LRL.L,WMH.L,KIE.L,HSS.L
ECV.L,0H1Z.L,QP.L,FUTR.L,CAD.L,QFI.L,GOG.L,NANO.L,888.L,TLDH.L,CAP.L,LMS.L,DRG.L,ZYT.L,MGNS.L,TEX.L,UCP.L,DGE.L,RTO.L,EBQ.L,HSTN.L,MSYS.L,SQS.L,HOME.L,VLG.L,0HZC.L,GBP.L,AVG.L,HZD.L,YOU.L,FRI.L,80GM.L,NOP.L,CFX.L,BT-A.L,SPSC.L,ECK.L,CLTV.L,MMC.L,CTG.L
INL.L,EFGD.L,AFR.L,MDMG.L,BNK.L,CAKE.L,ESR.L,SPHR.L,GCP.L,GFIN.L,COP.L,EZH.L,COS.L,NCC.L,SYG.L,TIL.L,IAG.L,DVSG.L,PRV.L,POWR.L,NWT.L,GDWN.L,CLIN.L,ESUR.L,HRG.L,ITV.L,GRTB.L,TPF.L,BLV.L,PSN.L,GOAL.L,AMEC.L,WPP.L,TJI.L,NICL.L,RNK.L,QXT.L,ABDP.L,YULC.L,SCH.L
LRL.L,SPE.L,WAND.L,OPHR.L,DPP.L,ELM.L,DMC.L,MCRB.L,NET.L,MGNT.L,MCII.L,RTN.L,IHG.L,HSS.L,ENTU.L,MCAP.L,KIE.L,OTMT.L,STL.L,AFS.L,HDT.L,AV.L,DCD.L,MOS.L,OPE.L,BOR.L,HAV.L,BXP.L,KGLD.L,HHPD.L,JUB.L,TPRD.L,CCT.L,PET.L,ELE.L,PGL.L,CSCG.L,SDL.L,MBC.L,RPT.L
PAY.L,EDR.L,SVR.L,SNR.L,GRL.L,ENQ.L,AVIA.L,RTO.L,SEE.L,IERP.L,PCF.L,PEG.L,GWIN.L,HGM.L,UCG.L,IND.L,DUPD.L,BLBD.L,CNA.L,CF.L,HYD.L,VP.L,NHL.L,HZD.L,MOIL.L,TPK.L,PVCS.L,DCC.L,MHID.L,OPTS.L,ACE.L,LNTR.L,DJAN.L,IRET.L,AUK.L,GFTU.L,ENVS.L,HSD.L,KIE.L,RMP.L
MMF.L,0P2N.L,SPX.L,PEG.L,IPF.L,UBMF.L,CRDA.L,CNN.L,MARI.L,OPE.L,FLO.L,DOTD.L,MBT.L,PKG.L,INTQ.L,EMIS.L,DNLM.L,AGN.L,CLTV.L,IVO.L,SVO.L,TRI.L,RPS.L,SORB.L,CLEE.L,LONG.L,CLTV.L,GMC.L,REL.L,HSBK.L,SGZ.L,DJI.L,NRR.L,ENQ.L,PHP.L,SBS.L,SAFE.L,PHSC.L,EZD.L,FFX.L
VCT.L,0INB.L,AHCG.L,ADIS.L,OPP.L,FLO.L,CCC.L,MTMY.L,BKM.L,80GM.L,OCDO.L,ALY.L,YUJ.L,RNVO.L,SEGR.L,ONG.L,BRIT.L,RAME.L,PLUS.L,DEMG.L,TPOU.L,IQE.L,SPRP.L,IOF.L,SAB.L,IHG.L,IVO.L,SAA.L,ISAT.L,GPG.L,AGOU.L,ITQ.L,PRAE.L,SFI.L,VGAS.L,CIN.L,AFPO.L,AMS.L,CMIP.L,GCP.L
CLLN.L,BON.L,ATQT.L,ABC.L,UKM.L,HDT.L,AUG.L,LMS.L,DCD.L,B8F.L,ENTU.L,AFN.L,MVC.L,IIT.L,0INB.L,BSP.L,HGG.L,MGNT.L,TTR.L,PTD.L,RIII.L,PHOR.L,COMS.L,TSCO.L,TRCS.L,ASPL.L,SPRP.L,UJO.L,LOK.L,ROE.L,IGE.L,CTH.L,RPC.L,AVR.L,HTIG.L,ARGO.L,NANO.L,ARW.L,MWG.L,MERL.L
EDEN.L,ZAM.L,RNO.L,NSH.L,GKP.L,IGAS.L,LAD.L,ABZA.L,IDEA.L,VER.L,AML.L,RENE.L,GNC.L,TCY.L,KGI.L,RBD.L,SPX.L,XPP.L,DDD.L,AEX.L,VRP.L,PEG.L,KGI.L,FLO.L,HVE.L,MDMG.L,RUBI.L,WSL.L,LOOK.L,MUBL.L,RAT.L,VSVS.L,CSG.L,NLMK.L,ZAM.L,AEG.L,KGI.L,MKLW.L,ANH.L,ASH.L
BLND.L,CHOO.L,NBI.L,MYX.L,COG.L,TRI.L,EGS.L,WTE.L,BEG.L,PXS.L,SQZ.L,PIDD.L,STVG.L,OMI.L,VTC.L,DNO.L,MARS.L,UANC.L,AERO.L,SML.L,GENL.L,GFS.L,FRI.L,0H1Z.L,ANP.L,GUSC.L,BQE.L,ETI.L,C21.L,PFLB.L,PMG.L,RWS.L,AFPO.L,DAT.L,CLTV.L,OML.L,ATUK.L,PEBI.L,APH.L,REDD.L
SQN.L,BLND.L,RKH.L,IME.L,PRO.L,HMLH.L,ADN.L,PCF.L,SHRE.L,BRY.L,HAIK.L,REL.L,DIA.L,AHCG.L,BRT.L,EGS.L,AVV.L,CHA.L,SGR.L,OXIG.L,RPS.L,UBM.L,BEST.L,PTO.L,RTN.L,LOGP.L,EVO.L,CMS.L,DDDD.L,NBNK.L,NWIG.L,PPIR.L,DSG.L,KWS.L,GMR.L,RR.L,GVC.L,PEG.L,IQE.L,IND.L
ELCO.L,PRTY.L,SVST.L,GNS.L,AGM.L,PPS.L,NRR.L,MPI.L,HAYD.L,HMLH.L,ARMS.L,ITRK.L,BLBD.L,BAF.L,YUJ.L,LRD.L,UU.L,ZYT.L,VCT.L,SDL.L,PCA.L,CLG.L,PLE.L,IKA.L,AMER.L,MGNS.L,ACM.L,GHT.L,0HZC.L,GAID.L,ADS.L,ATQT.L,BVA.L,BHY.L,HILS.L,SOLO.L,MUBL.L,AFRB.L,FDEV.L,ELM.L
CGS.L,MSS.L,ENDV.L,SFE.L,LWRF.L,FSTA.L,RMMC.L,HRG.L,JUP.L,SAA.L,WPP.L,SKP.L,SAPO.L,SNG.L,ELCO.L,AIEA.L,ATQT.L,MDZ.L,PTCM.L,HSS.L,APC.L,MOLD.L,CVSG.L,NHL.L,BG.L,EFGD.L,TCG.L,SGM.L,NBI.L,HVTA.L,CTR.L,ESUR.L,NICL.L,FITB.L,EGX.L,THL.L,LNTA.L,PHO.L,INVP.L,HUR.L
FITB.L,EPWN.L,CDFF.L,CMS.L,HYUO.L,NGL.L,MHID.L,AIE.L,LSL.L,BOOM.L,ENGI.L,BAB.L,AVIA.L,FJET.L,AVG.L,SSTY.L,IQE.L,FTC.L,SUMM.L,IOM.L,ABBY.L,DNO.L,ROSN.L,DDE.L,NOP.L,AUG.L,AFC.L,TNCI.L,KLR.L,CSFG.L,CF.L,BLEY.L,TOT.L,NCC.L,ONL.L,HVN.L,THAL.L,CRND.L,AVCT.L,JEL.L
BNC.L,PAF.L,TRAF.L,KMK.L,BDI.L,JARB.L,SPX.L,ECM.L,OPPP.L,STK.L,NUM.L,DOM.L,IDOX.L,DVSG.L,DWHA.L,HZD.L,PHST.L,UU.L,AIP.L,AUCT.L,LTOD.L,VLG.L,RIIC.L,LFI.L,CGL.L,MFON.L,EME.L,EAH.L,PINN.L,UBI.L,WATR.L,SCHO.L,XCH.L,MLC.L,BPKD.L,VTU.L,LVD.L,TNI.L,USY.L,CTG.L
AGOL.L,TRCS.L,SERV.L,MWE.L,CIU.L,DREF.L,BRAM.L,RBN.L,ADN.L,XPH.L,XPL.L,OMI.L,DALR.L,VKW.L,EMR.L,ACTA.L,CLLN.L,MES.L,ARMS.L,ZYT.L,VRS.L,SIG.L,SSPG.L,AOL.L,BLEY.L,PLAZ.L,NGL.L,NET.L,NBU.L,BGO.L,NEPI.L,WSX.L,PRV.L,CIC.L,ATQT.L,CTI.L,IERP.L,JARB.L,MRR.L,STE.L
YOU.L,FDSA.L,MKS.L,FRP.L,TPOP.L,ESG.L,HIK.L,KWI.L,SIM.L,FXPO.L,MAX.L,YOLO.L,NVA.L,POWR.L,BLCK.L,AFRB.L,PTEC.L,IPX.L,MTEC.L,HRN.L,KBC.L,SDI.L,LME.L,SRSP.L,PEL.L,EKT.L,RHM.L,BMZ.L,PKG.L,UDG.L,NTBR.L,RR.L,BLU.L,AMR.L,GHE.L,TCSC.L,UEN.L,INF.L,KENV.L,EXXI.L
RNO.L,HAS.L,OXS.L,HZN.L,FSJ.L,PWS.L,LKOH.L,ABF.L,RGP.L,QED.L,IDM.L,LPA.L,TOM.L,SIM.L,MMP.L,06LR.L,TRX.L,AAA.L,TAST.L,IRG.L,MLIN.L,PXS.L,SGM.L,BEG.L,CAMK.L,FUTR.L,SEA.L,TMZ.L,REL.L,ARBB.L,MFX.L,BC94.L,CRM.L,MUR.L,STCK.L,MGCR.L,GAW.L,FRM.L,HSV.L,QDG.L
MSLH.L,AVN.L,TEF.L,PYC.L,IAE.L,SEE.L,PRU.L,BOR.L,MES.L,COG.L,CNC.L,BEST.L,GUSC.L,ARMS.L,RMP.L,RPT.L,CHRT.L,HYDR.L,PHST.L,CFU.L,PGL.L,FBDU.L,BMT.L,SAUD.L,7DIG.L,GRL.L,PNS.L,IVO.L,NMC.L,ABG.L,NTQ.L,LKOS.L,ATAD.L,BNZL.L,HGM.L,SIGB.L,AV.L,HFG.L,RTO.L,ABBY.L
STCM.L,NMD.L,FKL.L,BBA.L,CAMK.L,AGQ.L,RHM.L,WST.L,TEK.L,ELLA.L,PACC.L,PAF.L,GNS.L,ELCO.L,AIP.L,IMT.L,OPHR.L,GOO.L,TLW.L,GSK.L,SEV.L,HMSO.L,IMG.L,HMSO.L,CSFG.L,SAF.L,NBPO.L,DCG.L,MMF.L,UTN.L,WATR.L,LSLI.L,LONG.L,SWP.L,QQ.L,KEA.L,DPLM.L,SCIN.L,ZOO.L,TRIN.L
MCKS.L,DPLM.L,ISAT.L,NOVA.L,AGOL.L,OUT.L,INV.L,OKEY.L,P2P.L,PHSC.L,CFHS.L,SEO.L,RE.L,PFL.L,EOG.L,MACF.L,SN.L,DCC.L,JLH.L,FITB.L,TYR.L,CCP.L,LEAL.L,PFG.L,SUN.L,HVN.L,QXT.L,MAIL.L,GAMA.L,PHTM.L,INM.L,NTLG.L,RMG.L,AVCT.L,CPS.L,ITV.L,IHG.L,QPP.L,ARM.L,SPGH.L
IERE.L,MYSL.L,VER.L,MBC.L,CTR.L,LMP.L,CHG.L,GPRT.L,CRE.L,EAS.L,EVO.L,3IN.L,CPR.L,EXPN.L,SOU.L,STAF.L,NOP.L,SWL.L,IPEL.L,CAO.L,MCII.L,TYR.L,TCS.L,HSD.L,FCRM.L,JQW.L,ABZA.L,QRT.L,GWP.L,PYC.L,CBG.L,RM.L,CDG.L,KIBO.L,MHM.L,CRDA.L,UJO.L,SQZ.L,IND.L,ITV.L
SMP.L,SMSD.L,GLOK.L,ROL.L,CTEK.L,JKX.L,PMG.L,ADT.L,FBH.L,SND.L,PFD.L,IXI.L,SCE.L,RDSA.L,COP.L,SOLO.L,SHI.L,RGS.L,MLD.L,CIU.L,GRPH.L,VIS.L,EDCL.L,AEY.L,WAND.L,SVS.L,IOG.L,ROL.L,SDM.L,MCRB.L,ETI.L,FXI.L,THT.L,RNVO.L,AVCT.L,FAST.L,WSL.L,UCP.L,OPP.L,FUL.L
CRM.L,CNSD.L,JHD.L,AEN.L,PNA.L,DVW.L,ABBY.L,HLMA.L,DCD.L,RVG.L,SGM.L,ATL.L,RXB.L,ACHL.L,DLAR.L,ASBE.L,BLUR.L,CPW.L,CCL.L,OSB.L,AGY.L,PTCM.L,STY.L,EMR.L,STAR.L,HAL.L,NPT.L,SIGB.L,HAL.L,NAND.L,TIG.L,SPR.L,SPD.L,CHG.L,RDI.L,FOGL.L,GOAL.L,LMS.L,EHP.L,PURE.L
KBT.L,NTG.L,GNI.L,BME.L,NFC.L,TCG.L,HYUO.L,RAT.L,QRM.L,PMR.L,HAS.L,CHW.L,HMB.L,MAB1.L,FCCN.L,ARDN.L,RMP.L,888.L,MTMY.L,MKS.L,JARB.L,MTO.L,ABZA.L,KGLD.L,FLTR.L,JQW.L,SAG.L,IRV.L,DPLM.L,ENEG.L,NMC.L,SNTY.L,CLF.L,ANCR.L,CARE.L,CGL.L,RTN.L,SAM.L,GCP.L,CNEL.L
TILS.L,EGS.L,SYR.L,RIIC.L,INV.L,NBI.L,ILX.L,ZPLA.L,RGO.L,UBM.L,SMIN.L,AGN.L,NWIG.L,HON.L,CSSG.L,MOIL.L,EXI.L,OSB.L,CLL.L,SPO.L,REAC.L,NXT.L,FXI.L,LWRF.L,CSSG.L,PRW.L,HCP.L,MCAU.L,WEB.L,AVS.L,SDR.L,FETD.L,WYN.L,ALL.L,LAD.L,SAG.L,CLS.L,CCR.L,HHR.L,EAS.L
DEMG.L,CTEK.L,DMCA.L,CEY.L,ANA.L,61HE.L,DGE.L,CAM.L,SNG.L,STM.L,SAB.L,SWJ.L,NUM.L,ARM.L,JLF.L,THL.L,LSE.L,MERL.L,C4XD.L,MNDI.L,DNO.L,CHRT.L,BOR.L,NVA.L,E2V.L,DAIP.L,NXR.L,WIL.L,SOLO.L,WHI.L,PTEC.L,TEX.L,NHY.L,GRPH.L,SDRC.L,FSJ.L,AIE.L,DPP.L,FRP.L,LIV.L
MES.L,SDM.L,NBP.L,FXI.L,HLCL.L,PAL.L,BP.L,UNG.L,GMD.L,VER.L,MTPH.L,CROS.L,RXB.L,CMBN.L,CAM.L,JEL.L,EIIB.L,CAKE.L,XLM.L,AMER.L,RMP.L,SAVP.L,ACID.L,MGNS.L,POS.L,AFPO.L,BPKD.L,NCON.L,AEY.L,GNI.L,MGNS.L,BOR.L,UANC.L,UU.L,AIRC.L,LFI.L,YULC.L,NIPT.L,BPM.L,MWA.L
TRT.L,INS.L,VRS.L,TSG.L,CNMI.L,PUR.L,SNP.L,PSPI.L,ITM.L,JDG.L,GPOR.L,FLK.L,EME.L,SVO.L,WSG.L,SRE.L,JHD.L,ATPT.L,SQS.L,COD.L,KESA.L,TLW.L,MES.L,JKX.L,JDSB.L,TAVI.L,FIF.L,JEL.L,GAME.L,QQ.L,PFLB.L,RPS.L,LKOD.L,SIE.L,CRX.L,RAT.L,RRL.L,BMZ.L,BMT.L,OAH.L
SAA.L,SBS.L,IRV.L,MAC.L,TRK.L,JPR.L,KESA.L,GWI.L,CGS.L,JNY.L,ELCO.L,BATS.L,RVG.L,RGO.L,KWS.L,EGS.L,TTV.L,AVIA.L,SEV.L,CRAW.L,MXP.L,AVI.L,LOOK.L,INL.L,TND.L,INV.L,HAS.L,STY.L,EDEN.L,WOS.L,PKP.L,DSG.L,NGL.L,HYR.L,EDP.L,CCL.L,CGH.L,SIA.L,IXI.L,SGC.L
PTCM.L,OTMT.L,HYDG.L,SGZ.L,ATK.L,BILN.L,MTPH.L,CNEL.L,ADIS.L,SRB.L,MSLH.L,MFX.L,CAY.L,ABF.L,MERL.L,IOG.L,EXI.L,CFU.L,LEN.L,HAYD.L,IEH.L,KED.L,IRGP.L,ZAM.L,GFRD.L,COB.L,BLNX.L,OCDO.L,MHM.L,SEO.L,RQIH.L,SVST.L,ANH.L,PNA.L,TTG.L,CRU.L,BLNX.L,DLN.L,ATST.L,CLA.L
SHOE.L,GRL.L,ODX.L,EYE.L,CLLN.L,AGM.L,DCG.L,XPP.L,YULC.L,RBD.L,GAH.L,MAVD.L,SPSY.L,ANH.L,EHP.L,USY.L,RUBI.L,CLL.L,KLR.L,HIK.L,VOD.L,SRT.L,CNEL.L,NSH.L,ROL.L,VOG.L,VIP.L,AHT.L,RIIC.L,HYUD.L,IVO.L,PPIR.L,SAB.L,ENVS.L,BOE.L,ASY.L,IRF.L,VTU.L,RWA.L,SFI.L
ERM.L,AFS.L,MVC.L,PMA.L,MWA.L,GDWN.L,AFS.L,RMMC.L,CFHS.L,CRAW.L,WPP.L,RGP.L,PACC.L,TRP.L,LTOD.L,VRS.L,RMMC.L,BRT.L,ACHL.L,MTMY.L,LSR.L,RBD.L,WSP.L,RXB.L,HTT.L,VENN.L,SQZ.L,NWS.L,MANX.L,IFL.L,PVR.L,RCDO.L,NEX.L,GAW.L,SLG.L,BFA.L,MTW.L,OPG.L,AFR.L,GWP.L
COLT.L,HLCL.L,PHOR.L,CMS.L,PAG.L,BJU.L,MSYS.L,CROS.L,MHM.L,ZYT.L,HNL.L,TBK.L,WMH.L,GKN.L,GMS.L,RSTR.L,JPM.L,FTO.L,SNGR.L,CIC.L,GNK.L,CCT.L,ILA.L,SPT.L,JSJS.L,RICO.L,MONI.L,PTD.L,RM2.L,ENQ.L,LOK.L,DEMG.L,RPS.L,SSP.L,TRP.L,38LF.L,AST.L,III.L,SQS.L,STHR.L
DSG.L,BBY.L,EGMD.L,ARC.L,PFC.L,MAGP.L,SVE.L,EUSP.L,DWHA.L,TWL.L,WTB.L,EGS.L,INL.L,CHRT.L,DWHT.L,BMY.L,3IN.L,CPR.L,MARS.L,CIU.L,FDP.L,HALO.L,ELE.L,STAN.L,LID.L,SMDS.L,INS.L,TSTL.L,TRD.L,ERGO.L,SYR.L,VLG.L,SNCL.L,FLX.L,TRP.L,TPJ.L,CNC.L,GWIN.L,SMTG.L,PVR.L
HAT.L,IVO.L,DGS.L,SIGB.L,MOSB.L,LNTR.L,SEO.L,NWT.L,SHG.L,AVON.L,MORT.L,NBPO.L,THL.L,PACC.L,TCY.L,ACM.L,KWI.L,FUL.L,LTOD.L,06LR.L,KBC.L,CPP.L,MOIL.L,TIL.L,TOT.L,CAR.L,CPG.L,FJET.L,0MGD.L,POG.L,06LR.L,ZZZ.L,SKG.L,MTC.L,SAG.L,VML.L,XCH.L,RDSA.L,CNA.L,DAN.L
MUR.L,LSR.L,ERGO.L,EME.L,HTIG.L,NWS.L,ATL.L,OEX.L,ASPL.L,SMDR.L,DREF.L,NSH.L,DVWA.L,NUM.L,ALPH.L,BAB.L,ELE.L,RED.L,DPP.L,MMP.L,CAR.L,CLIN.L,FCCN.L,TPT.L,RKH.L,HMLH.L,PKP.L,WG.L,PRES.L,USY.L,LEAL.L,SIG.L,BRT.L,CAMB.L,VSVS.L,DRG.L,PMEA.L,COB.L,DGS.L,TPFZ.L
HHR.L,AMPH.L,SFI.L,ALL.L,MAR.L,PHOR.L,MUBL.L,PFD.L,PNA.L,CRO.L,WSG.L,ZAM.L,IIT.L,HVTA.L,DDD.L,JSI.L,UTV.L,JKX.L,INC.L,DLG.L,SPSC.L,ISG.L,CSCG.L,PEN.L,HAL.L,TOM.L,ARDN.L,KWI.L,CROS.L,RR.L,HCP.L,CGVD.L,ROE.L,PHD.L,CEPS.L,CARE.L,AVON.L,MERC.L,SEY.L,VCT.L
PHNX.L,XAR.L,GGP.L,BATS.L,FOXT.L,QP.L,HEAD.L,BON.L,SOG.L,BATS.L,SOU.L,DCD.L,FCRM.L,CHRR.L,STHR.L,CCDS.L,CHG.L,RBD.L,CMX.L,GVC.L,RUBI.L,LCG.L,CHW.L,TPF.L,INF.L,IBEX.L,IDEA.L,DMC.L,KYGA.L,HSV.L,TPOU.L,AGY.L,DAT.L,TAIH.L,CIN.L,CNSD.L,CMG.L,WCW.L,IERP.L,REDD.L
GLS.L,CRND.L,CCAP.L,WHE.L,PHTM.L,AVIA.L,SOG.L,REDD.L,SGR.L,AGL.L,CNE.L,CYAN.L,LEG.L,DVWA.L,NTBC.L,ISAT.L,MED.L,GLPR.L,CLA.L,MED.L,BPM.L,NIPT.L,FFY.L,MER.L,IHG.L,HUM.L,MCKS.L,AGR.L,HYDG.L,PRM.L,VRP.L,OCDO.L,IFL.L,LRD.L,MATD.L,LDSG.L,ECK.L,FEN.L,EAH.L,BCRE.L
IHTD.L,RENE.L,BRAM.L,WEB.L,PFD.L,NVA.L,WSX.L,CHA.L,AGOL.L,CVR.L,OPTS.L,AVM.L,NTBC.L,80GM.L,SPD.L,SAFE.L,EZJ.L,WTB.L,SHOE.L,PTR.L,CNSD.L,IGE.L,KMG.L,MCAP.L,ARW.L,FPM.L,BRAM.L,INM.L,IOG.L,NLMK.L,ANA.L,247.L,WTE.L,VTBR.L,AIM.L,AV.L,SHOK.L,LTHM.L,MAVD.L,ASW.L
MLIN.L,MIRA.L,CHOO.L,SSY.L,PZC.L,ECK.L,CDI.L,CMH.L,ROSN.L,CNE.L,MARI.L,FRP.L,OCDO.L,WSP.L,MTV.L,PYC.L,GRI.L,RE.L,HYD.L,AVV.L,FTC.L,JARB.L,QXT.L,TAL.L,MED.L,HSD.L,CLEE.L,PMO.L,HUM.L,WSL.L,SMTG.L,IPF.L,PPIR.L,SVE.L,ENVS.L,MAC.L,SQZ.L,ECV.L,BAG.L,SPH.L
AIM.L,MSMN.L,PAF.L,CLEE.L,BON.L,HDT.L,CHT.L,XEL.L,SGZ.L,BAC.L,SUMM.L,GDL.L,MUR.L,UVEL.L,HYNS.L,TRB.L,JDG.L,AUE.L,GRL.L,IDOX.L,ENV.L,TYRU.L,COMS.L,0HZC.L,IMM.L,DVWA.L,PCGE.L,TRAF.L,BNC.L,LEL.L,LME.L,DMC.L,RUBI.L,GNG.L,FRR.L,NBI.L,BCB.L,INCH.L,GOG.L,RSTR.L
III.L,NLG.L,SAFE.L,AGOU.L,ASTO.L,SSP.L,TPT.L,CRU.L,ALM.L,COB.L,SRSP.L,VGAS.L,SPH.L,ENDV.L,INM.L,CFU.L,KHTC.L,PHE.L,EDEN.L,CBKD.L,PRU.L,LWB.L,BQE.L,OPHR.L,TPS.L,ANP.L,ESUR.L,ARL.L,CDI.L,TRT.L,BOE.L,SPSM.L,CHOC.L,OTPD.L,MBO.L,FRUT.L,BVIC.L,IME.L,KYGA.L,MTPH.L
MGCR.L,WTI.L,RLH.L,ADM.L,ENGI.L,RDW.L,ARW.L,BQE.L,ESG.L,CCC.L,RDSA.L,ZTF.L,SRP.L,CFYN.L,BON.L,CDFF.L,SCPA.L,CRX.L,TW.L,LME.L,BES.L,RIGD.L,AOR.L,NWS.L,SRT.L,TON.L,PLE.L,ENVS.L,PACC.L,LMP.L,PFD.L,TCSC.L,CTA.L,CTEK.L,SCE.L,PSON.L,LEG.L,CCL.L,MFON.L,STJ.L
AV.L,GNK.L,TSCO.L,TRAK.L,GHH.L,CRH.L,PDG.L,BYG.L,SNG1.L,TATE.L,ICP.L,KLN.L,EIH.L,MTVW.L,RHL.L,TRK.L,CDOG.L,LNTR.L,PIK.L,ASQ1.L,RNK.L,GAME.L,NXR.L,MHM.L,SNTY.L,HID.L,SQZ.L,LKOS.L,PHU.L,RBD.L,RPC.L,HDT.L,CMG.L,SNG.L,INCH.L,FXPO.L,RBXD.L,CFHS.L,AAU.L,PURE.L
ARP.L,DEMG.L,OTPD.L,DTG.L,38LF.L,MAC.L,NKTN.L,CGS.L,HL.L,CNSD.L,LOOK.L,NBB.L,INTQ.L,TAW.L,FPO.L,INDV.L,BAC.L,DMGT.L,WTB.L,SBRY.L,XPH.L,ACTA.L,CNKS.L,CHG.L,ROR.L,AVM.L,HMB.L,ALM.L,LWDB.L,NHY.L,BLND.L,TEX.L,AEN.L,ITM.L,RGU.L,RMG.L,AOMD.L,SAL.L,BLVN.L,NTOG.L
SAF.L,WALG.L,EOG.L,TPF.L,HZN.L,JPR.L,SVT.L,UTG.L,DOM.L,SWL.L,LWB.L,IPSA.L,AGRO.L,JDW.L,FLYB.L,GED.L,STAR.L,AFS.L,OAH.L,ENRT.L,PSN.L,MOS.L,FENR.L,IKA.L,TMMG.L,TJI.L,JNY.L,ALLG.L,IMM.L,PFLB.L,GWIN.L,HAWK.L,ALL.L,SVR.L,TLDH.L,AVN.L,GOO.L,HVTA.L,ALLG.L,TCM.L
UKC.L,DRS.L,ITV.L,HYDG.L,SPK.L,NWIG.L,RED.L,SND.L,BPKD.L,RKMD.L,YNGA.L,HSM.L,MBH.L,MHM.L,AMPH.L,VEC.L,BIOM.L,BCRE.L,MEL.L,BPM.L,FENR.L,RBN.L,MAX.L,SYG.L,KIE.L,STAR.L,MORT.L,PCI.L,TRS.L,CSN.L,STAF.L,IRV.L,CTAG.L,RTI.L,INB.L,OKEY.L,MARI.L,QQ.L,WTE.L,RUBI.L
WGB.L,HAS.L,SAR.L,BWY.L,ALL.L,ASTO.L,ONG.L,TET.L,QRM.L,BVM.L,FRO.L,VLG.L,HVTA.L,FETD.L,ENV.L,CROS.L,NWT.L,PWS.L,GNI.L,DCG.L,SCHO.L,NMD.L,SN.L,JHD.L,TSTL.L,DREF.L,WYN.L,CNC.L,SDR.L,INDV.L,UTN.L,IPS.L,ALPH.L,ATQT.L,ECK.L,WHI.L,RRL.L,WIN.L,3IN.L,JPM.L
GDL.L,SFI.L,CLS.L,NTQ.L,PAL.L,SAG.L,HSTN.L,UKC.L,TCSC.L,ZOL.L,0MGD.L,GNI.L,STHR.L,SPR.L,RYA.L,TAN.L,GHT.L,SYG.L,ARL.L,CREI.L,NXT.L,MTV.L,RDI.L,ILX.L,AIEA.L,STL.L,UCP.L,BAC.L,TRIC.L,ITM.L,UANC.L,BVC.L,CRAW.L,MACC.L,MTO.L,ULE.L,RYA.L,IERE.L,PXS.L,TTG.L
CBQS.L,IDEA.L,TRAK.L,GAMA.L,OCG.L,QRM.L,SMDR.L,FDP.L,AUCT.L,PMO.L,BVM.L,TCY.L,PAG.L,SGM.L,ZPLA.L,AFN.L,SIHL.L,KED.L,FLTR.L,EIIB.L,BWY.L,MER.L,PHOR.L,WORK.L,LOOK.L,GBR.L,ONL.L,WHI.L,WST.L,EIT.L,GNI.L,FEVR.L,NICL.L,ARTA.L,ASPL.L,NLG.L,DGO.L,247.L,FOUR.L,DMGT.L
DAIP.L,ASCD.L,CHAR.L,ASTO.L,RCP.L,TEK.L,CRAW.L,FUTR.L,RHM.L,NOVA.L,IFP.L,AVAP.L,CDOG.L,CNEL.L,SYM.L,DEMG.L,ARC.L,TRB.L,QDG.L,LKOD.L,ZOO.L,OCL.L,LSC.L,MTC.L,OTPD.L,HSS.L,NOP.L,MSYS.L,PIP.L,ETO.L,FLYB.L,IPSA.L,UTV.L,WAND.L,SPL.L,PDC.L,DVSG.L,SSP.L,JRG.L,MIL.L
GBG.L,FSTA.L,PMP.L,YMT1.L,WMH.L,06LR.L,BJU.L,MARS.L,ARBB.L,OPP.L,GED.L,JUP.L,FLTR.L,EZH.L,HGG.L,ZCC.L,RBXD.L,AIRC.L,CHOO.L,WTI.L,AEN.L,MUBL.L,SAA.L,SVT.L,RAT.L,TPOU.L,PHC.L,PHO.L,ZPLA.L,CGH.L,NTOG.L,NBU.L,EZH.L,SHOE.L,BSP.L,KKB.L,AFRI.L,AFPO.L,ISG.L,EAS.L
WOR.L,CCR.L,AGRO.L,MAX.L,CARE.L,POS.L,LIO.L,TYRU.L,HALO.L,CCAP.L,ZYT.L,ASQ1.L,GGP.L,MCR.L,GHH.L,IMTK.L,CRW.L,ZPLA.L,AFS.L,SORB.L,PRM.L,MASA.L,AHT.L,FKL.L,BVIC.L,NBI.L,ADN.L,LKOS.L,SPI.L,IGR.L,BEG.L,DMC.L,RTC.L,UVEL.L,SAM.L,ARW.L,BLU.L,HNT.L,PLA.L,PHNX.L
CFU.L,LSLI.L,SEGR.L,BOE.L,LWDB.L,CROS.L,VCT.L,SEE.L,RUR.L,CINE.L,KESA.L,RM2.L,AVM.L,KKB.L,HDY.L,PMG.L,SKS.L,7DIG.L,RNVO.L,WOR.L,SPT.L,CIC.L,TMZ.L,HWC.L,WGB.L,SOLO.L,IKA.L,CRND.L,ISL.L,SUS.L,PRP.L,VCP.L,ALNT.L,ADM.L,CHT.L,DQE.L,GEEC.L,WIND.L,PNS.L,TCY.L
MXP.L,GLPR.L,CNSD.L,UU.L,TPF.L,CAZA.L,ARM.L,LUD.L,RDI.L,MHID.L,DRX.L,ICP.L,ACU.L,LSIC.L,SHOE.L,CMIP.L,17GK.L,TRI.L,OPTS.L,KWE.L,CRM.L,EBQ.L,BGO.L,EZJ.L,WTM.L,WYN.L,JLH.L,CAMK.L,QTX.L,CWC.L,VRS.L,WTE.L,HRG.L,JMAT.L,CNE.L,PPC.L,IHG.L,SPHR.L,OGZD.L,RGD.L
DVSG.L,AVV.L,BRBY.L,AFPO.L,CPEH.L,ATL.L,MSYS.L,KSK.L,FOGL.L,TIG.L,IPS.L,FFX.L,PMK.L,KEA.L,JSG.L,LSC.L,BLNX.L,SOLO.L,SAA.L,BPC.L,TYT.L,PHOR.L,IRF.L,STOB.L,GOLD.L,PSN.L,SGGD.L,SNR.L,DWHA.L,QXT.L,IHG.L,GBP.L,CPW.L,MYT.L,BLU.L,MDMG.L,IIT.L,CMIP.L,PMA.L,LMS.L
BOOM.L,TGBD.L,IDOX.L,OSG.L,BMS.L,HL.L,CRH.L,SNG1.L,IPSA.L,JSI.L,FOXT.L,PFLB.L,PHC.L,INB.L,GDL.L,PVR.L,HTT.L,JD.L,SWJ.L,AUG.L,MITH.L,CRX.L,RDSB.L,UTV.L,LSRG.L,EZJ.L,IPO.L,COST.L,NOP.L,RMP.L,TMZ.L,ETO.L,DPA.L,0H1Z.L,DRG.L,TCS.L,AIE.L,HZN.L,PGL.L,SNTY.L
KIBO.L,PAL.L,CORO.L,BRK.L,PHST.L,AMR.L,SCLP.L,AOL.L,MACC.L,MFX.L,SIS.L,NTOG.L,CPS.L,TCS.L,ADS.L,GVC.L,MBT.L,DQE.L,RSW.L,ILX.L,MDZ.L,THAL.L,BYG.L,SIA.L,DCD.L,JQW.L,SQS.L,RPO.L,EIT.L,HALO.L,SVST.L,CHAR.L,WATR.L,CHA.L,ETI.L,JQW.L,SPRT.L,BG.L,RUR.L,ANP.L
SRSP.L,SN.L,BMS.L,FLTR.L,LAD.L,USY.L,PHSC.L,EGMD.L,ICGC.L,CAY.L,SEO.L,GRI.L,NWS.L,IME.L,ATMA.L,BOK.L,CPR.L,GOAL.L,UBI.L,CRDA.L,DDD.L,TRT.L,DTC.L,SMWH.L,MTEC.L,PTR.L,TLDH.L,CRND.L,LWRF.L,EDEN.L,SCIN.L,AGP.L,CMG.L,WTB.L,ATL.L,HYD.L,TCY.L,ULS.L,ERU.L,BVA.L
ACL.L,WIL.L,IGR.L,MCR.L,TEK.L,SGC.L,ELLA.L,UTW.L,PANR.L,CSFG.L,NCC.L,CDG.L,FBT.L,ABTX.L,YMT1.L,NWKI.L,E2V.L,DGE.L,MFX.L,SRO.L,ASOG.L,NTG.L,PFG.L,WALG.L,IGAS.L,PLND.L,SOM.L,AOR.L,INDI.L,BCRE.L,HALO.L,ESP.L,CF.L,IPSA.L,NLMK.L,WKP.L,TTV.L,ALPH.L,SIM.L,AST.L
JUP.L,VCT.L,TSCO.L,PTR.L,THT.L,AHT.L,FSTA.L,GNK.L,FXI.L,GRL.L,RTI.L,KLR.L,GPG.L,NKTN.L,ACHL.L,CLIG.L,NCC.L,CHRR.L,HYUD.L,RCDO.L,CTG.L,GDL.L,MVC.L,API.L,NOVA.L,MXP.L,CAL.L,ASW.L,EIT.L,RED.L,LCG.L,ASW.L,GAID.L,PGIL.L,GBG.L,FFY.L,FLK.L,BPM.L,KHTC.L,EXPN.L
MMK.L,OML.L,LONG.L,BET.L,ZTF.L,MAVD.L,CLA.L,SVT.L,VIS.L,DDDD.L,MUBL.L,HAV.L,HHR.L,CSCG.L,TAW.L,CAD.L,ALY.L,PRU.L,PAY.L,TW.L,SDI.L,TAST.L,RGP.L,BMTO.L,HAWK.L,TSTL.L,MRW.L,OPM.L,AHCG.L,OMI.L,MOS.L,FDL.L,ACL.L,AGR.L,FEP.L,SHG.L,NMC.L,FOXT.L,BME.L,BP.L
HTY.L,0N4Y.L,SDRC.L,PHST.L,MES.L,CLG.L,ADT.L,WSX.L,SCHO.L,PFL.L,TPOU.L,CPX.L,BYR.L,COP.L,WPP.L,HEGY.L,MHM.L,ILA.L,AOR.L,BVM.L,MAX.L,EMAN.L,MTC.L,SKP.L,ATL.L,PNA.L,0P2N.L,CPR.L,CRH.L,ITM.L,MAC.L,PVR.L,EGMD.L,NEW.L,AIM.L,MKS.L,NHL.L,PIC.L,AFPO.L,ATG.L
CHW.L,LEN.L,MBC.L,SNG1.L,URKA.L,MONY.L,SEO.L,EUSP.L,PNN.L,PCA.L,DGO.L,VAL.L,RAME.L,AGA.L,WG.L,BOOM.L,GOAL.L,HYR.L,LSIC.L,GRG.L,KCOM.L,NRR.L,DREF.L,RMV.L,GLPR.L,UTW.L,SKS.L,API.L,CLA.L,DJI.L,NTLG.L,AFHP.L,TON.L,AEC.L,EIIB.L,OSG.L,XPP.L,DGB.L,OCL.L,SUN.L
C4XD.L,SDM.L,DTC.L,RBS.L,SAVP.L,AEG.L,CRE.L,NBP.L,FBDU.L,ELLA.L,TIR.L,DLG.L,STJ.L,PSN.L,BAB.L,CWO.L,SBER.L,HILS.L,CCP.L,ESP.L,TRIN.L,BES.L,HIK.L,BKG.L,BGC.L,RED.L,LGEN.L,PKG.L,PETS.L,AURR.L,0H1Z.L,MTC.L,DUPD.L,INL.L,AEN.L,ANP.L,MGNS.L,VML.L,BAF.L,MEC.L
EMG.L,UTW.L,PFG.L,KFX.L,MMK.L,MRR.L,0HZC.L,ATUK.L,OPE.L,BDI.L,NWIG.L,SSPG.L,SPR.L,SNCL.L,IMM.L,TW.L,ADT.L,CAMK.L,LKOD.L,CRW.L,SEV.L,OML.L,TLDH.L,CIR.L,AKRN.L,AN.L,NOVA.L,AZN.L,SFR.L,KCOM.L,CNC.L,ESUR.L,AUCT.L,NBU.L,BYR.L,DSN.L,AERO.L,NSCI.L,SMJ.L,IFL.L
NOP.L,SCIN.L,LRL.L,SGR.L,TND.L,MGNT.L,NWS.L,BPKD.L,CHRT.L,SSY.L,ACC.L,SUH.L,INV.L,JDG.L,BWO.L,ULE.L,TPK.L,HL.L,HLCL.L,CBQS.L,NKTN.L,KLN.L,NKTN.L,OAH.L,VLX.L,SWAP.L,INDI.L,AVV.L,AUCT.L,E2V.L,ATG.L,ATAD.L,SN.L,KCOM.L,AURR.L,GPOR.L,TOT.L,BVC.L,OCT.L,BCB.L
DOTD.L,OAH.L,GWI.L,PTCM.L,BWO.L,SGR.L,TCSC.L,ANH.L,RDSA.L,DOM.L,HLCL.L,NMC.L,MXP.L,RMMC.L,ANCR.L,UANC.L,BNC.L,IAP.L,MUL.L,UTW.L,ESS.L,SPRT.L,NMC.L,CMH.L,FBDU.L,HVE.L,E2V.L,LID.L,AIP.L,EZH.L,CNEL.L,RMV.L,UCP.L,TCG.L,PUR.L,XLM.L,MUL.L,BARC.L,IOM.L,TAW.L
JNY.L,CLF.L,SCPA.L,HWC.L,OPHR.L,SSE.L,AVAP.L,INL.L,OKEY.L,SAVP.L,ALR.L,LED.L,BG.L,GKO.L,HCP.L,7DIG.L,BLCK.L,HYUO.L,HAT.L,MRR.L,GEEC.L,MAX.L,WSP.L,DVSG.L,CAL.L,ARBB.L,GED.L,ALL.L,SIXH.L,NTBR.L,BAG.L,AMO.L,RDSB.L,MAVD.L,STM.L,CCC.L,BNK.L,FRM.L,0HZC.L,TAN.L
XCH.L,VRP.L,NWS.L,TPFZ.L,CF.L,LRE.L,TET.L,AFHP.L,MWE.L,GNK.L,PEBI.L,VTC.L,AIM.L,IGE.L,HMB.L,SRO.L,JUB.L,TCG.L,CTA.L,MCKS.L,DMGT.L,AIM.L,AEY.L,CFYN.L,EPWN.L,INDI.L,NBI.L,RAME.L,WOS.L,DCC.L,TEF.L,MONI.L,GNS.L,RAT.L,SIGB.L,CSRT.L,APH.L,PDC.L,MFX.L,VPHA.L
NPT.L,RICO.L,WINK.L,NBP.L,FCRM.L,TMZ.L,FOGL.L,42KU.L,LOGP.L,TPF.L,SERV.L,CBKD.L,SAG.L,MARS.L,HEAD.L,WCW.L,XCH.L,BLUR.L,PAF.L,GLTR.L,ASBE.L,EVR.L,MHM.L,RCI.L,CIC.L,ABF.L,GEEC.L,PFIT.L,LDP.L,SKP.L,SWP.L,IDEA.L,DLG.L,SRB.L,REDD.L,HYR.L,DPP.L,MCAP.L,BQE.L,AGL.L
THRL.L,PMK.L,DNO.L,HGG.L,USY.L,ASCD.L,IKK.L,BME.L,NBB.L,PTCM.L,MNZS.L,PFLB.L,RPT.L,OSG.L,LEG.L,STCK.L,INL.L,LUD.L,MWA.L,NSH.L,ERM.L,MKT.L,FEVR.L,KEA.L,HALO.L,DLAR.L,HGG.L,PLAZ.L,0P2N.L,PANR.L,PIP.L,TUIN.L,RENE.L,AMS.L,MIL.L,SHOK.L,RCI.L,AGK.L,POS.L,AVCT.L
PHTM.L,FDP.L,CORE.L,LSR.L,LAD.L,GRI.L,DUPD.L,EDP.L,ADS.L,GRL.L,DWHA.L,SPRT.L,RKH.L,GKO.L,BP.L,SXS.L,MACF.L,HGR8.L,BODD.L,SHRE.L,HOME.L,HRN.L,TRI.L,THAL.L,KED.L,JIL.L,CHOO.L,KGF.L,PIDD.L,AFID.L,WSL.L,PMR.L,DPLM.L,DWHA.L,HL.L,ALL.L,AHT.L,YNGN.L,FLYB.L,AFR.L
BVC.L,DDD.L,LMS.L,IPX.L,VIS.L,TWL.L,TND.L,MKLW.L,PSN.L,STB.L,FUM.L,MARI.L,DRV.L,ASPL.L,RKMD.L,AGM.L,ASY.L,IXI.L,BBA.L,CCC.L,HYR.L,TATE.L,CRM.L,SAA.L,0P2N.L,LAM.L,HEAD.L,DTC.L,EAH.L,PYC.L,HTIG.L,ACZ.L,CSR.L,COMS.L,P2P.L,AGTA.L,MARS.L,HSBK.L,CAKE.L,GINV.L
SPI.L,SUMM.L,CRE.L,ISL.L,INDV.L,REAC.L,AUR.L,IRG.L,AVI.L,CRAW.L,HFG.L,NAND.L,ARGO.L,FETD.L,FENR.L,CRM.L,HVT.L,ALPH.L,PHU.L,ACID.L,MIL.L,CCAP.L,EEE.L,38LF.L,NEPI.L,HAWK.L,GBP.L,TSB.L,SGGD.L,SZCD.L,CAO.L,SIGB.L,DPH.L,PNN.L,CLL.L,KMG.L,ENDV.L,ENGI.L,FXPO.L,PLP.L
HRN.L,AMS.L,GMC.L,CLL.L,BXP.L,VIS.L,FOGL.L,ASOG.L,SUS.L,ORSD.L,TPOU.L,THAL.L,ELE.L,LTG.L,AEN.L,VCP.L,HSTN.L,WSP.L,ACZ.L,RDT.L,EMIS.L,MAVD.L,FGP.L,MIRA.L,CRAW.L,URKA.L,CHAR.L,SMSD.L,INFI.L,PINN.L,VCT.L,WTM.L,COD.L,EKT.L,RM.L,YMT1.L,IXI.L,DAN.L,MOIL.L,TRAK.L
IRF.L,WSL.L,BAE.L,IFM.L,CGL.L,CHA.L,LWDB.L,80GM.L,XCH.L,ELE.L,PRTY.L,HUR.L,SNAK.L,GOOD.L,CFHL.L,NAH.L,COMS.L,RGP.L,EDP.L,SHOE.L,PLA.L,CRO.L,BLND.L,LLOY.L,HON.L,MEDI.L,MKS.L,RRS.L,LRL.L,KNM.L,RENE.L,ATST.L,SNAK.L,CBG.L,AVCT.L,SUS.L,IXI.L,HHPD.L,ENEG.L,DMGT.L
ONG.L,FRI.L,RB.L,RCP.L,CNSD.L,RHL.L,PRAE.L,HAYD.L,UEN.L,ADS.L,ATUK.L,RB.L,DNLM.L,KOOV.L,MIRA.L,WATR.L,ARDN.L,TET.L,DJI.L,BPM.L,MATD.L,CIN.L,SDY.L,ATK.L,SPSM.L,HSTN.L,BMY.L,DQE.L,IND.L,CMH.L,BODD.L,HTIG.L,RXB.L,LEAL.L,VTBR.L,MGGT.L,RBN.L,CEB.L,NEX.L,ELCO.L
TJI.L,DRS.L,MSYS.L,EXO.L,MFX.L,MWA.L,PHTM.L,SBID.L,ATST.L,80GM.L,CSCG.L,CSCG.L,IAG.L,DREF.L,CDI.L,TRIN.L,VOG.L,SPK.L,80GM.L,BSP.L,TON.L,SNG.L,OTMT.L,STAN.L,MPLE.L,IDH.L,EXXI.L,CCP.L,RGD.L,HMB.L,CPI.L,BGEO.L,LMS.L,CNSD.L,DRG.L,CPG.L,E2V.L,VP.L,MCON.L,RRS.L
TNI.L,STY.L,WSBN.L,TPJ.L,ACTA.L,BWO.L,PRV.L,KIE.L,LAD.L,CTO.L,RTI.L,FDP.L,BA.L,IPP.L,PFLM.L,SSA.L,ALL.L,PFC.L,BDEV.L,FFX.L,MATD.L,RPS.L,CPS.L,NGL.L,XPH.L,AMS.L,SYG.L,NKTN.L,CHH.L,SERV.L,AGA.L,IGE.L,IFM.L,SMA.L,ATPT.L,PRM.L,TIDE.L,TRAF.L,ENGI.L,TLDH.L
NLG.L,SNAK.L,DAT.L,SNTY.L,ENRT.L,888.L,ACTA.L,ROE.L,DTC.L,PHOR.L,GOOD.L,LMP.L,SEPL.L,ADS.L,OTPD.L,0MGU.L,ILX.L,LONG.L,BAB.L,PAP.L,NWIG.L,BES.L,CAP.L,ANH.L,BARC.L,AURR.L,IHG.L,EBQ.L,BODD.L,MSMN.L,ENEG.L,POS.L,AFPO.L,SVE.L,AFRB.L,AIM.L,RCP.L,FJET.L,CWK.L,ASOG.L
SHG.L,RVG.L,SDI.L,SN.L,SCH.L,SOLO.L,SOU.L,DVW.L,RKMD.L,HDY.L,IAP.L,HAL.L,CAZA.L,CTH.L,0N4Y.L,CSRT.L,NG.L,EIH.L,STAR.L,AVIA.L,SDL.L,PTO.L,DVW.L,KSK.L,GSK.L,PHTM.L,BPC.L,CEB.L,PHE.L,PETS.L,MAI.L,TTA.L,UEN.L,FPM.L,DWHT.L,MDMG.L,ITM.L,DALR.L,FLX.L,BXP.L
RM2.L,DEB.L,NRR.L,ESG.L,SIE.L,MCAU.L,OCDO.L,KWI.L,GDP.L,SOM.L,AMPH.L,CAM.L,HCM.L,AMER.L,GRL.L,ESCH.L,MFX.L,ISG.L,NXR.L,HHR.L,IHP.L,BME.L,MNZS.L,PCF.L,PAP.L,VENN.L,PHD.L,MKLW.L,ASTO.L,IQE.L,SPSM.L,LID.L,ESP.L,BLU.L,WATR.L,BRH.L,HRG.L,AH20.L,FAN.L,OXS.L
SNGR.L,PPS.L,CHH.L,GFTU.L,ODX.L,AFHP.L,ALR.L,PEG.L,SQZ.L,FRM.L,COLT.L,MONI.L,LAND.L,CSRT.L,COB.L,ITRK.L,NXR.L,FGP.L,RRS.L,MKT.L,SXS.L,CYAN.L,UTV.L,HSS.L,PXS.L,AVAP.L,MEDI.L,TAN.L,CWD.L,NKTN.L,SMDS.L,CPW.L,VKW.L,SDY.L,CMIP.L,DJI.L,SOLO.L,MTEC.L,MERC.L,ARC.L
BPKD.L,FSJ.L,SMIN.L,URKA.L,CHRR.L,XAR.L,GAW.L,SHOK.L,XAR.L,ECM.L,EMG.L,BODD.L,NGR-GB.L,BIOM.L,BPC.L,EOG.L,TFW.L,PLP.L,HRG.L,RGO.L,DIGI.L,AGOU.L,CZB.L,HOME.L,RICO.L,LUD.L,PLE.L,CF.L,SHG.L,MCGN.L,QPP.L,PUR.L,SPD.L,AERO.L,MTEC.L,OPE.L,SEPU.L,ACE.L,PTEC.L,ABT.L
ARO.L,CRM.L,AEC.L,LGT.L,GLOK.L,VER.L,7DIG.L,CLI.L,AEN.L,DMGT.L,DOM.L,PRO.L,LONG.L,MFX.L,UCG.L,III.L,ADH.L,ATAD.L,SMA.L,DUPD.L,AMPH.L,VLX.L,BJU.L,MLD.L,BON.L,SPL.L,SGE.L,IMM.L,ARC.L,COP.L,CDI.L,KWE.L,AGOL.L,UCG.L,BAB.L,SVI.L,BSY.L,TIG.L,ROL.L,VENN.L
DGE.L,DRG.L,TRB.L,FOG.L,NOVA.L,PPH.L,IMT.L,06LR.L,IPX.L,HAIK.L,BVM.L,SORB.L,PUR.L,PINN.L,PZC.L,MTW.L,GDP.L,STB.L,BYOT.L,RHM.L,APH.L,BCB.L,ARC.L,SAGA.L,VRS.L,CCL.L,CLS.L,REC.L,SEY.L,MAIL.L,HDT.L,AEY.L,CMBN.L,VLX.L,PFLB.L,GHE.L,ARO.L,ELM.L,DJI.L,EIH.L
ULVR.L,HNT.L,FCCN.L,BILN.L,SORB.L,HYR.L,BAE.L,SNT.L,DPLM.L,KMCA.L,KYGA.L,BLZ.L,ACU.L,EGI.L,ASCD.L,NLMK.L,LIO.L,PRZ.L,EUSP.L,RIIC.L,PPH.L,REC.L,HYUD.L,GKO.L,ALM.L,EMG.L,AAA.L,KWE.L,DGO.L,SPSC.L,RCDO.L,SBS.L,IBPO.L,BMT.L,CDOG.L,GOG.L,TRIN.L,MARS.L,PIC.L,IPS.L
ROR.L,NUM.L,RBD.L,PURE.L,PRZ.L,IPP.L,CIRC.L,PMK.L,RMP.L,GBP.L,CSN.L,RFC.L,0N4Y.L,WSX.L,CIC.L,DKL.L,JLF.L,ENVS.L,NSH.L,YMTD.L,UTG.L,UKOG.L,DRS.L,GAMA.L,TXO.L,XCH.L,DRV.L,RHM.L,CCR.L,PHE.L,ERU.L,BLU.L,BCB.L,BOY.L,DSG.L,NVA.L,SCIN.L,FRUT.L,PGIL.L,HVE.L
CTO.L,API.L,PAG.L,RPC.L,RM.L,OPP.L,TUIN.L,TEP.L,GDP.L,PINN.L,CAU.L,NTA.L,NBNK.L,STJ.L,KBC.L,DMC.L,STM.L,HAV.L,BYOT.L,SPH.L,IAP.L,NHY.L,NWIG.L,PIL.L,UU.L,CCP.L,AIRC.L,VEC.L,SIA.L,CARD.L,SBRY.L,VIS.L,OXB.L,MUR.L,THAL.L,DMGT.L,AOR.L,ALK.L,NCT.L,AUK.L
NARS.L,ABG.L,CRA.L,OML.L,CLEE.L,RAT.L,RIFS.L,YULC.L,CLEE.L,VCT.L,GMC.L,GSK.L,SXS.L,KLN.L,RHL.L,ALLG.L,SMS.L,WTE.L,CCDS.L,SPRT.L,BG.L,BG.L,JUP.L,OMG.L,KKB.L,ROR.L,ELE.L,HVN.L,ASC.L,RSL.L,SER.L,CVR.L,HVN.L,SQN.L,PMR.L,IPO.L,SFI.L,BRT.L,WEB.L,ARC.L
AERO.L,ENV.L,SMJ.L,BOY.L,RE.L,ASH.L,EDR.L,SIG.L,RIII.L,VCT.L,KGLD.L,SNP.L,LIO.L,MRO.L,ZAM.L,MERL.L,RGO.L,TNCI.L,KGP.L,NFC.L,HDD.L,SFE.L,BWO.L,OCN.L,IGE.L,TYT.L,CAL.L,HILS.L,BYOT.L,BYG.L,HHR.L,NUM.L,GRPH.L,CTEK.L,PLE.L,BBGI.L,MUR.L,CAPC.L,ALLA.L,HUR.L
HIK.L,THL.L,WIL.L,BRT.L,TXO.L,SNG1.L,NWF.L,BPKD.L,RVG.L,CNKS.L,VRP.L,EKT.L,KMK.L,AVIA.L,BC94.L,FKL.L,LUP.L,HSBK.L,AXS.L,RDW.L,WIL.L,RLH.L,SAPO.L,IHP.L,P2P.L,DLN.L,VRS.L,MMF.L,RPO.L,IPX.L,SAA.L,MIN.L,SYG.L,HAIK.L,QRM.L,ABTU.L,CNKS.L,IAP.L,CLS.L,PPS.L
THT.L,OPPP.L,TET.L,MTW.L,PURE.L,ROSN.L,ESUR.L,PIP.L,BRAM.L,CHH.L,AGN.L,TLY.L,INTQ.L,CHG.L,RYA.L,LAD.L,SLE.L,PET.L,KIE.L,PHE.L,AEG.L,TIL.L,ADN.L,PUB.L,INF.L,DJAN.L,MSMN.L,AGK.L,EGS.L,SSTY.L,STCK.L,IFP.L,AGA.L,CTEK.L,IGR.L,INV.L,SGC.L,CSFG.L,MTPH.L,HSD.L
BARC.L,TAL.L,CNA.L,MATD.L,GDG.L,VIS.L,IAG.L,MBO.L,FBDU.L,SIGB.L,GHT.L,BOY.L,ARBB.L,AGOL.L,OCL.L,GWI.L,PEN.L,AEY.L,SMSD.L,PFIT.L,TYRU.L,SEA.L,DIA.L,KFX.L,WSG.L,GFRM.L,FLO.L,GOO.L,PFLM.L,CHA.L,DCC.L,JLH.L,PHE.L,EKF.L,PLUS.L,NXT.L,LRE.L,AEY.L,HGR8.L,BVM.L
QXT.L,AMS.L,GFRM.L,RDW.L,LSC.L,SMTG.L,SPI.L,CMS.L,CHW.L,FUL.L,EXO.L,ABBY.L,SRP.L,FLK.L,BILN.L,ETLN.L,NBU.L,CSR.L,IPS.L,SRP.L,PXS.L,BMS.L,WSBN.L,MACF.L,DMGT.L,EMIS.L,LTG.L,SMTG.L,0INB.L,GOLD.L,KFX.L,CHOC.L,SOG.L,SMDS.L,CMCL.L,LEK.L,AIRC.L,PTCM.L,EZH.L,TAIH.L
ROE.L,SN.L,GNG.L,PURI.L,SIV.L,GED.L,SNR.L,ARTA.L,VTU.L,CWR.L,RCDO.L,ECK.L,FLYB.L,RTI.L,SWJ.L,NMD.L,SPI.L,SNR.L,ABG.L,IOM.L,RRS.L,YNGN.L,PFL.L,PANR.L,CTI.L,MGNS.L,RUBI.L,42KU.L,WATR.L,GTS.L,RCI.L,PAY.L,GBG.L,IHP.L,BA.L,SNAK.L,DDE.L,ZHEH.L,NTBC.L,EHP.L
OXA.L,PTY.L,MGNS.L,CDFF.L,EOG.L,38LF.L,DUPD.L,TRT.L,LEK.L,TLY.L,LUD.L,KEA.L,UTV.L,LUP.L,SRB.L,ASQ1.L,PEN.L,HEAD.L,BOK.L,PNG.L,EKT.L,INDV.L,PHSC.L,ADM.L,YUJ.L,RQIH.L,SKG.L,BGEO.L,UBM.L,AHT.L,BRIT.L,PNN.L,BLBD.L,MRW.L,TYR.L,LGT.L,MRR.L,STJ.L,BMS.L,ABT.L
